Rule ID,Rule Description,Status,Evidence,Explanation,Remediation,Confidence,Source Documents
R1,Contracts must clearly state the termination notice period (minimum 30 days),✓ COMPLIANT,"*   ""by either party on not less than 60 days’ written notice to the other party hereto."" (from Section 5(a))
    *   ""Either Party may terminate this Agreement by giving the other Party thirty (30) d...","The contract excerpts consistently specify termination notice periods that meet or exceed the minimum 30-day requirement. One clause requires ""not les...",N/A,High,/content/drive/MyDrive/ANLP/project_3/task_2/data/pdfs/FEDERATEDGOVERNMENTINCOMESECURITIESINC_04_28_
R2,Confidentiality clauses must specify what information is considered confidential,✗ NON-COMPLIANT,"The contract excerpts repeatedly refer to ""Confidential Information"" (e.g., ""The Receiving Party and its Affiliates shall not use the Disclosing Party’s Confidential Information for any purpose except...","While the excerpts outline obligations regarding confidential information and list exclusions from its definition, they fail to explicitly specify wha...","Add a clear definition clause, such as ""Confidential Information means any and all non-public information, whether written or oral, disclosed by the D...",High,/content/drive/MyDrive/ANLP/project_3/task_2/data/pdfs/GpaqAcquisitionHoldingsInc_20200123_S-4A_EX-1
R3,Payment terms must include specific due dates or payment schedules,✗ NON-COMPLIANT,"The provided contract excerpts do not contain any clauses specifying payment due dates or payment schedules.
-","The excerpts discuss remedies for breach, notice procedures, limitation of liability, content usage terms, and termination. There are no provisions th...","Add a dedicated ""Payment Terms"" or ""Compensation"" section to the contract that clearly outlines specific due dates for payments (e.g., ""Payment shall ...",High,/content/drive/MyDrive/ANLP/project_3/task_2/data/pdfs/GpaqAcquisitionHoldingsInc_20200123_S-4A_EX-1
R4,Liability limitations must be clearly defined and reasonable,✓ COMPLIANT,"""4.2 LIMITATION OF WARRANTY AND LIABILITY. LICENSOR DOES NOT MAKE WARRANTIES OF ANY KIND, WHETHER EXPRESS, IMPLIED, RELATED TO OR ARISING OUT OF THE LICENSED MARK OR THIS AGREEMENT.
    4.2.1 LICENSOR...","The contract clearly defines the limitations on the Licensor's liability by explicitly disclaiming all warranties, both express and implied. It furthe...",N/A,High,/content/drive/MyDrive/ANLP/project_3/task_2/data/pdfs/GpaqAcquisitionHoldingsInc_20200123_S-4A_EX-1
R5,Intellectual property ownership must be explicitly stated,✓ COMPLIANT,"""CONTENT PROVIDER, LICENSORS or either of them, as appropriate, shall retain all worldwide rights, title and interest in and to the Content (including, but not limited to, ownership of all copyrights ...",The contract explicitly states that CONTENT PROVIDER and LICENSORS retain ownership of all copyrights and other intellectual property rights related t...,N/A,High,/content/drive/MyDrive/ANLP/project_3/task_2/data/pdfs/MidwestEnergyEmissionsCorp_20080604_8-K_EX-10
R6,Data protection and privacy compliance (GDPR/similar) must be mentioned,✗ NON-COMPLIANT,"The provided contract excerpts do not contain any explicit mention of ""Data protection and privacy compliance (GDPR/similar).""
-","The excerpts focus on general confidentiality obligations, exceptions for legal disclosures, and definitions of confidential information. They do not ...","Add a clause or section to the contract that explicitly addresses data protection and privacy compliance, referencing relevant regulations such as GDP...",High,/content/drive/MyDrive/ANLP/project_3/task_2/data/pdfs/GpaqAcquisitionHoldingsInc_20200123_S-4A_EX-1
R7,Dispute resolution mechanism must be specified (arbitration/court jurisdiction),✗ NON-COMPLIANT,"- From Section 15: ""Any suit brought hereon... shall be brought in the state or federal courts sitting in Los Angeles County, California...""
    - From Section 16: ""Any controversy or claim arising ou...","The contract excerpts contain conflicting dispute resolution mechanisms. While some clauses specify court jurisdiction in Los Angeles, California, and...","The contract must be revised to include a single, consistent, and unambiguous dispute resolution mechanism. All conflicting clauses regarding governin...",High,/content/drive/MyDrive/ANLP/project_3/task_2/data/pdfs/GpaqAcquisitionHoldingsInc_20200123_S-4A_EX-1
R8,Force majeure events must be clearly defined,✗ NON-COMPLIANT,"The provided contract excerpts do not contain any clauses or definitions related to ""force majeure"" events.
-","The contract excerpts provided do not include any section that defines or even mentions force majeure events. Without such a clause, the contract fail...","Add a new clause (e.g., ""Force Majeure"") to the contract that clearly defines what constitutes a force majeure event (e.g., acts of God, war, terroris...",High,/content/drive/MyDrive/ANLP/project_3/task_2/data/pdfs/GpaqAcquisitionHoldingsInc_20200123_S-4A_EX-1
R9,Non-compete clauses must have reasonable time and geographic scope,✓ COMPLIANT,"The provided contract excerpts do not contain any non-compete clauses or similar restrictive covenants.
-","The compliance rule specifically addresses the requirements for non-compete clauses. Since no such clauses are present in the provided text, the contr...",N/A,High,/content/drive/MyDrive/ANLP/project_3/task_2/data/pdfs/GpaqAcquisitionHoldingsInc_20200123_S-4A_EX-1
R10,Warranty terms and limitations must be explicitly stated,✓ COMPLIANT,"*   ""4.2 LIMITATION OF WARRANTY AND LIABILITY. LICENSOR DOES NOT MAKE WARRANTIES OF ANY KIND, WHETHER EXPRESS, IMPLIED, RELATED TO OR ARISING OUT OF THE LICENSED MARK OR THIS AGREEMENT.""
    *   ""4.2....","The contract explicitly states the limitations of warranties by the Licensor in sections 4.2 and 4.2.1, clearly disclaiming all warranties, including ...",N/A,High,/content/drive/MyDrive/ANLP/project_3/task_2/data/pdfs/MidwestEnergyEmissionsCorp_20080604_8-K_EX-10
R11,Indemnification responsibilities must be clearly outlined,✗ NON-COMPLIANT,"The provided contract excerpts do not contain any clauses or language related to indemnification responsibilities.
-","The rule requires indemnification responsibilities to be clearly outlined. Since the excerpts lack any mention of indemnification, they fail to meet t...","Add a dedicated section or clause to the contract that clearly defines the indemnification responsibilities of each party, including the scope, trigge...",High,/content/drive/MyDrive/ANLP/project_3/task_2/data/pdfs/GpaqAcquisitionHoldingsInc_20200123_S-4A_EX-1
R12,Governing law and jurisdiction must be specified,✓ COMPLIANT,"*   ""This Agreement is to be governed by and construed in accordance with the Laws of the State of California applicable to contracts made and to be performed wholly within such State..."" (Section 15)...",The contract explicitly states that it will be governed by the laws of the State of California. It also specifies that any legal actions shall be brou...,N/A,High,/content/drive/MyDrive/ANLP/project_3/task_2/data/pdfs/MidwestEnergyEmissionsCorp_20080604_8-K_EX-10
R13,Assignment and transfer rights must be addressed,✓ COMPLIANT,"- ""4.3 Non-Transferable Agreement . Licensed Users may not assign this Agreement and/or any rights and/or obligations hereunder without the prior written consent of Licensor and any such attempted ass...",The contract explicitly addresses assignment and transfer rights in multiple sections (4.3 and 7.5). It specifies conditions for assignment (prior wri...,N/A,High,/content/drive/MyDrive/ANLP/project_3/task_2/data/pdfs/GpaqAcquisitionHoldingsInc_20200123_S-4A_EX-1
R14,Amendment procedures must be documented,✓ COMPLIANT,"""4.7 Amendment. This Agreement cannot be altered, amended or modified in any respect, except by a writing duly signed by both Parties.""
-","Clause 4.7 clearly documents the procedure for amending the agreement, requiring any alteration, amendment, or modification to be in writing and duly ...",N/A,High,/content/drive/MyDrive/ANLP/project_3/task_2/data/pdfs/FEDERATEDGOVERNMENTINCOMESECURITIESINC_04_28_
R15,Effective date and contract duration must be clearly stated,✓ COMPLIANT,"*   ""the term of this Agreement shall begin on the effective date first above written and shall continue until terminated by mutual agreement of the parties hereto or by either party on not less than ...","The contract excerpts clearly define the effective date using phrases like ""effective date first above written,"" ""date hereof,"" and ""date of execution...",N/A,High,/content/drive/MyDrive/ANLP/project_3/task_2/data/pdfs/FEDERATEDGOVERNMENTINCOMESECURITIESINC_04_28_